Category,Product Name,Price
New,Red Toffee Apple,£1.00
New,Mr Kipling Milk Chocolate & Orange Cake Slices 6 x 26g,£1.50
New,Morrisons Ooozy Eyes Halloween Sweets    130g,£0.85
New,Morrisons British 15% Beef Mince 750g,£6.50
New,Morrisons British Beef Meatballs 672g,£6.00
New,Morrisons Market Street Breaded Hake Fillets 310g,£4.00
New,Morrisons The Best Signature Lamb & Mint Sausages 360g,£4.00
New,Morrisons Made Without Added Nitrites Smoked Streaky Bacon 220g,£3.50
New,Morrisons Made Without Added Nitrites Unsmoked Back Bacon 240g,£3.50
New,Morrisons The Best Cherry Bakewell Mince Pies 4 Pack,£3.50
New,Morrisons The Best Brandy Butter Mince Pies 6 Pack,£3.50
New,Bluey & Friends Deluxe Magnetic Scribbler,£10.00
New,Morrisons The Best Limited Edition Lemon Pepper Chicken Wings 480g,£6.00
New,Morrisons Trick Or Treat Gruesome Gummies    400g,£2.50
New,Chocolate Flavour Apple,£1.00
New,Soreen Toffee Apple Scream Deliciously Spooky 5 x 30g Multipack Malt Loaf,£1.25
New,Morrisons The Best Beef Wellington Hand Cooked Crisps 125g,£1.25
New,Rubicon Sparkling Passionfruit Soft Drink Bottle 2L,£1.95
New,Rubicon Rose Lemonade 2L,£2.00
New,Morrisons Italian Meal Deal Lasagne 750g,£5.00
New,Morrisons Italian Meal Deal Tuna Pasta Bake 750g,£5.00
New,Swizzels Mummy Mix 340g,£2.75
New,Mothers Recipe Sweet Mango Chutney 340G,£2.75
New,Premium Butter Cookies Biscuit Tin 340g,£2.75
New,Haribo Sharing Sweets Tub 600g,£5.50
New,Swizzels Spooky Eyeball Double Lollies 130g,£1.25
New,Morrisons Ready To Cook Hunters Chicken 410g,£4.50
New,Morrisons Ready To Cook Chicken Bacon And Cheese 400g,£4.50
New,Haribo Halal Happy Cola Zing Sweets 100g,£1.25
New,Morrisons The Best Free From Dark Chocolate Yule Log 511g,£7.00
New,Morrisons Slow Cooked Chinese Chicken Curry 400g,£5.50
New,Morrisons Slow Cooked Chicken Tikka Masala 400g,£5.50
New,Morrisons Slow Cooked Beef Mince Hot Pot 400g,£5.50
New,Morrisons Space To Roam Extra Tasty Chicken Mini Fillets 305g,£4.25
New,Morrisons Made Without Added Nitrites Smoked Back Bacon 240g,£3.50
New,M&M'S Minis Fun Size 11 Pack Multipack 220g,£5.75
New,Cadbury Spooky Mallow Cake Bars 5 Pack,£1.75
New,Cadbury Halloween Mini Bonfire Logs Honeycomb Flavour Cakes 5 x 26g,£2.00
New,Cadbury Halloween Pumpkin Patch Chocolate Cakes 4 x 31g,£2.75
New,Morrisons Best Chocolate Orange Mince Pies 4Pk 185g,£3.50
Fruit & Veg,Albert Bartlett Rooster Potatoes,£2.50
Fruit & Veg,Albert Bartlett Buttergold Potatoes,£2.50
Fruit & Veg,Fyffes Bananas 5 Pack,£0.78
Fruit & Veg,Morrisons Salad Tomatoes 6 Pack,£0.99
Fruit & Veg,Morrisons British Baking Potatoes  4 Pack,£0.79
Fruit & Veg,Morrisons Kiwi Fruit 6 Pack,£1.29
Fruit & Veg,Morrisons Garlic Bulbs 4 Pack,£0.87
Fruit & Veg,Morrisons Savers Lemons  4 Pack,£0.89
Fruit & Veg,Morrisons Brown Onions 3 Pack,£0.95
Fruit & Veg,Morrisons British Apples 6 Pack,£2.00
Fruit & Veg,Morrisons Ripen At Home Avocados,£1.50
Fruit & Veg,Morrisons Organic Gala Apples 6 Pack,£2.35
Fruit & Veg,Morrisons Market Street Loose Granny Smith Apples,£0.45
Fruit & Veg,Morrisons Loose Royal Gala Apples,£0.45
Fruit & Veg,Morrisons Loose Russet Apple,£0.50
Fruit & Veg,Morrisons Loose Braeburn Apples,£0.50
Fruit & Veg,Morrisons Loose Cox Apple,£0.50
Fruit & Veg,Morrisons Market Street Loose Golden Delicious Apples,£0.50
Fruit & Veg,Morrisons Loose Conference Pears,£0.50
Fruit & Veg,Morrisons Loose Pink Lady Apple,£0.50
Fruit & Veg,Morrisons Large Oranges 4 Pack,£2.15
Fruit & Veg,Morrisons Ripe & Ready Conference Pears 4 Pack,£2.35
Fruit & Veg,Morrisons Pink Lady Apples 4 Pack,£2.35
Fruit & Veg,Morrisons Savers Mixed Peppers 3 Pack (Colours May Vary),£1.79
Fruit & Veg,Morrisons Whole Swede,£0.62
Fruit & Veg,Morrisons Organic Lemons 3 Pack,£1.90
Fruit & Veg,Morrisons Organic Pears 4 Pack,£2.70
Fruit & Veg,Morrisons Salad Onions (minimum 100g),£0.68
Fruit & Veg,Morrisons British Sweetheart Cabbage,£0.75
Fruit & Veg,Morrisons The Best British Sweet Gem Lettuce 2 Pack,£1.50
Fruit & Veg,Morrisons The Best Premium Plums 4 Pack,£3.00
Fruit & Veg,Morrisons British Round Lettuce,£0.85
Fruit & Veg,Morrisons Organic Twin Peppers 2 Pack,£1.73
Fruit & Veg,Morrisons British White Cabbage,£0.89
Fruit & Veg,Morrisons British Red Cabbage 450-1350g,£0.89
Fruit & Veg,Morrisons Loose Bunched Spinach,£0.90
Fruit & Veg,Morrisons Purple Aubergine,£0.95
Fruit & Veg,Morrisons Whole Cucumber,£0.99
Fruit & Veg,Morrisons The Best Smoked Garlic,£1.00
Fruit & Veg,Morrisons The Best Chicory 2 Pack,£2.25
Fruit & Veg,Morrisons Mixed Squash 12 - 16cm  (Colours may vary),£1.25
Fruit & Veg,Organic Ripe & Ready Avocados 2 Pack,£2.60
Fruit & Veg,Morrisons Organic Celery,£1.40
Fruit & Veg,Morrisons The Best  Sweet Pointed Peppers,£1.70
Fruit & Veg,Morrisons Christmas Carnations,£6.50
Fruit & Veg,Morrisons Festive Cheer Bouquet,£6.50
Fruit & Veg,Morrisons Jingle Bells Bouquet,£10.00
Fruit & Veg,Morrisons Let's Party Bouquet,£15.00
Fruit & Veg,Morrisons Candy Cane Lane Bouquet,£15.00
Meat & Fish,Morrisons British 6 Quarter Pounder Burgers,£5.00
Meat & Fish,Morrisons Savers 15 Yorkshire Puddings 230g,£0.46
Meat & Fish,Morrisons Savers Cooking Bacon 500g,£1.00
Meat & Fish,Morrisons  British Chicken Drumsticks 1kg,£2.15
Meat & Fish,Morrisons British Butchers Ultimate Pork Sausages 4 Pack 432g,£1.05
Meat & Fish,Morrisons Medium Whole Turkey With Giblets 3-5.49Kg,£13.50
Meat & Fish,Morrisons Large Whole Turkey 5.5-6.99 Kg,£18.75
Meat & Fish,Morrisons British Pigs Liver 400g,£1.36
Meat & Fish,Richmond 8 Thick Pork Sausages 410g,£2.30
Meat & Fish,Morrisons Market Street British Chicken Drumsticks & Thighs 1.2kg,£4.50
Meat & Fish,Morrisons Savers Smoked Back Bacon 300g,£1.25
Meat & Fish,Morrisons British Sea Salt & Olive Oil Roast In The Bag Chicken 1.6kg,£6.80
Meat & Fish,Morrisons British Chicken Livers 400g,£1.75
Meat & Fish,Morrisons British Roast In The Bag Garlic & Herb Whole Chicken 1.6kg,£7.50
Meat & Fish,Morrisons British Roast In The Bag Extra Tasty Whole Chicken 1.6kg,£7.50
Meat & Fish,Morrisons British Cook in The Bag Stuffed Whole Chicken 1.6kg,£7.50
Meat & Fish,Morrisons British Chicken Drumstick Fillets 1kg,£4.90
Meat & Fish,Morrisons British Chicken Drumstick Fillets 600g,£2.95
Meat & Fish,Simon Howie Original Haggis,£2.75
Meat & Fish,Morrisons 10 Pack Smoked Back Bacon Rashers 300g,£1.49
Meat & Fish,Morrisons 6 Pack Smoked Back Bacon Rashers 300g,£1.49
Meat & Fish,Morrisons 6 Pack Unsmoked Back Bacon Rashers 300g,£1.49
Meat & Fish,Morrisons 10 Pack Unsmoked Back Bacon Rashers 300g,£1.49
Meat & Fish,Morrisons British Chicken Mince 5% Fat 500g,£2.49
Meat & Fish,Simon Howie The Wee Black Pudding,£1.75
Meat & Fish,Gressingham Duck Livers,£2.00
Meat & Fish,"Morrisons 16 Pork, Sage & Onion Stuffing Balls 400g",£2.00
Meat & Fish,Morrisons Chicken Schnitzel   2 x 400g,£4.00
Meat & Fish,Morrisons British Beef And Pork Mince 1kg,£7.50
Meat & Fish,Morrisons Whole Unsmoked Gammon Joint,£5.00
Meat & Fish,"Morrisons Roast In Bag Large Chicken,Pork,Leek & Bacon Stuffing 2.4kg",£12.00
Meat & Fish,Morrisons Large Smoked Gammon Joint,£26.00
Meat & Fish,Morrisons Peri Peri Half Chicken,£4.25
Meat & Fish,Morrisons Smoked Gammon Joint 2.2kg,£12.00
Meat & Fish,Morrisons Unsmoked Gammon Joint 2.2kg,£12.00
Meat & Fish,Herta Chicken Frankfurter 10 Pack,£2.75
Meat & Fish,Morrisons Sage & Onion Stuffed Pork Shoulder Joint 1.3kg,£7.50
Meat & Fish,Richmond 12 Thin Pork Sausages,£2.30
Meat & Fish,Malcolm Allan Black Pudding,£1.70
Meat & Fish,Morrisons BBQ Chicken Drumsticks 750g,£4.50
Meat & Fish,Lawsons Skinless Pork Sausages 10 Pack,£1.60
Meat & Fish,Richmond 12 Skinless Pork Sausages,£2.30
Meat & Fish,"Morrisons British The Best Chicken with Pork,Chestnut,Honey,Thyme Stuffing",£15.00
Meat & Fish,Morrisons British Beef Mince 20% Fat 500g,£3.25
Meat & Fish,Morrisons British Breaded BBQ Chicken Wings 650g,£4.25
Meat & Fish,Richmond Veggie Tasty 8 Vegetarian Sausages,£2.30
Meat & Fish,The Best Cranberry Sauce 300g,£3.00
Meat & Fish,Morrisons The Best Turkey Gravy Christmas 450g,£3.00
Meat & Fish,Morrisons British Market Street Chicken Breast Crown 700g,£4.75
Meat & Fish,Morrisons British Beef & Pork Meatballs 624g,£4.25
Fresh Foods,Albert Bartlett Potato Croquettes 250g,£1.25
Fresh Foods,Albert Bartlett Carrot & Swede Mash 400g,£1.50
Fresh Foods,Little Dish Cottage Pie Kids Meal 200g,£3.15
Fresh Foods,Little Dish Chicken Korma Kids Meal 200g,£3.15
Fresh Foods,Little Dish Spaghetti & Meatballs Kids Meal 200g,£3.15
Fresh Foods,Little Dish Chicken & Veg Pie Kids Meal 200g,£3.15
Fresh Foods,Little Dish Fish Pie Kids Meal 200g,£3.15
Fresh Foods,Little Dish Chicken Katsu Curry Noodles Kids Meal 200g,£3.15
Fresh Foods,Little Dish BIG Chicken Tikka Kids Meal 300g,£3.75
Fresh Foods,Morrisons British Semi Skimmed Milk 4 Pint,£1.65
Fresh Foods,Morrisons Semi Skimmed British Milk 4 Pints,£1.65
Fresh Foods,Morrisons British Salted Butter   250g,£1.85
Fresh Foods,Cravendale Filtered Fresh Semi Skimmed Milk Fresher for Longer 2L,£2.65
Fresh Foods,Morrisons British Semi Skimmed Milk 2 Pint,£1.20
Fresh Foods,Morrisons British Whole Milk 4 Pint,£1.65
Fresh Foods,Market Street Deli Thickly Sliced Wiltshire Cured Ham 125g,£2.75
Fresh Foods,Lurpak Slightly Salted Spreadable Blend of Butter and Rapeseed Oil 400g,£4.25
Fresh Foods,Morrisons Unsalted British Butter   250g,£1.85
Fresh Foods,Muller Corner Vanilla Yogurt with Chocolate Balls 124g,£0.95
Fresh Foods,Morrisons Whole British Milk 4 Pints,£1.65
Fresh Foods,Morrisons British Semi Skimmed Milk  2 Pints,£1.20
Fresh Foods,Morrisons British Skimmed Milk 4 Pint,£1.65
Fresh Foods,Cathedral City British Mature Cheddar Cheese 350g,£3.75
Fresh Foods,Morrisons British Semi Skimmed Milk 6 Pint,£2.40
Fresh Foods,Market Street 2 Egg Custard Tarts,£0.85
Fresh Foods,Morrisons Savers Cheese & Tomato Mini Pizza 111g,£0.56
Fresh Foods,Morrisons Greek Style Yogurt 500g,£1.15
Fresh Foods,Morrisons 100% Fruit Smooth Orange Juice 1L,£2.00
Fresh Foods,Cravendale Filtered Fresh Whole Milk Fresher for Longer 2L,£2.65
Fresh Foods,Muller Corner Banana with Chocolate Flakes Yogurt 124g,£0.95
Fresh Foods,Morrisons Savers Long Life Skimmed Milk,£0.65
Fresh Foods,Morrisons British Mature Cheddar  400g,£3.25
Fresh Foods,Market Street Deli Express Roast Chicken  100g,£2.75
Fresh Foods,Muller Corner Strawberry Yogurt 136g,£0.95
Fresh Foods,Muller Corner Red Cherry Yogurt 136g,£0.95
Fresh Foods,Morrisons Savers Grated Cheese 500g,£2.85
Fresh Foods,Arla BOB Skimmed Milk Tastes like Semi Skimmed 2L,£2.50
Fresh Foods,Morrisons Orange Juice from Concentrate 1L,£1.45
Fresh Foods,Dairylea Lunchers Ham 'N' Cheese Snack,£1.59
Fresh Foods,Muller Light Toffee Fat Free Yogurt 160g,£0.95
Fresh Foods,Market Street Deli British Topside Of Beef  80g,£2.75
Fresh Foods,Muller Corner Vanilla with Chocolate Digestive Biscuits Yogurt 124g,£0.95
Fresh Foods,Cravendale Filtered Fresh Semi Skimmed Milk Fresher for Longer 1L,£2.00
Fresh Foods,Morrisons Classic Houmous 200g,£0.95
Fresh Foods,Morrisons The Best Coleslaw 300g,£1.80
Fresh Foods,Strings & Things Cheestrings Cheese Snack 8 x 20g,£2.95
Fresh Foods,Muller Light Cherry Fat Free Yogurt 160g,£0.95
Fresh Foods,Morrisons The Best 6 White Golden Yolk Free Range Eggs,£2.75
Fresh Foods,Morrisons British Whole Milk 6 Pint,£2.40
Fresh Foods,Morrisons British Cooked Ham  120g,£2.00
Bakery & Cakes,Morrisons Crumpets 6 Pack,£0.45
Bakery & Cakes,Morrisons Scotch Pancakes,£0.48
Bakery & Cakes,Morrisons Stonebaked Wholemeal Pittas,£0.50
Bakery & Cakes,Morrisons Stonebaked White Pittas 6 Pack,£0.50
Bakery & Cakes,Warburtons Crumpet Thins 8 Pack,£1.40
Bakery & Cakes,Morrisons Finger Rolls 6 Pack,£0.95
Bakery & Cakes,Market Street Large White Bread Baps 6 Pack,£1.00
Bakery & Cakes,Market Street Sugared Ring Doughnuts,£1.00
Bakery & Cakes,Warburtons Our Dough Crumpets with Sourdough 6 Pack,£1.50
Bakery & Cakes,Morrisons Wheat & White Tortillas,£1.40
Bakery & Cakes,Morrisons Plain Tortilla Wraps 8 Pack,£1.40
Bakery & Cakes,Cookies Party Platter (20 Pack)   FTO,£4.50
Bakery & Cakes,Market Street Doughnuts Custard 5 Pack,£1.00
Bakery & Cakes,Warburtons Cinnamon & Raisin Bagels,£1.90
Bakery & Cakes,Dina Paninette Wholemeal Bread Wraps,£1.19
Bakery & Cakes,Market Street Raspberry Doughnuts,£1.00
Bakery & Cakes,Dina Paninette Large White Bread Wraps,£1.19
Bakery & Cakes,Warburtons Plain Bagels,£1.90
Bakery & Cakes,Market Street Strawberry Doughnuts,£1.00
Bakery & Cakes,Market Street Custard Doughnuts,£1.00
Bakery & Cakes,Morrisons Apple Pies,£1.25
Bakery & Cakes,Mrs Crimble's Gluten Free 6 Big Chocolate Macaroons,£1.80
Bakery & Cakes,Mr Kipling Lemon & Raspberry Whirls,£1.80
Bakery & Cakes,Mr Kipling Caramelised Biscuit Whirls,£1.80
Bakery & Cakes,Mr Kipling Custard Cream Whirls,£1.80
Bakery & Cakes,Mr Kipling Cookies & Cream Whirls,£1.80
Bakery & Cakes,Morrisons Part Baked Petit Pains,£1.35
Bakery & Cakes,Mission Wheat & White Tortilla Wraps,£1.85
Bakery & Cakes,Mission Wholemeal Tortilla Wraps,£1.85
Bakery & Cakes,Warburtons 6 Chocolate Chip Pancakes,£1.75
Bakery & Cakes,Mission Original Tortilla Wraps,£1.85
Bakery & Cakes,Mission Chargrilled Tortilla Wraps,£1.70
Bakery & Cakes,Warburtons Seeded Protein Thin Bagels,£1.85
Bakery & Cakes,Warburtons Wholemeal Soft Pittas,£1.20
Bakery & Cakes,Warburtons Soft White Pittas,£1.20
Bakery & Cakes,Morrisons Flapjack Cake Bars,£1.25
Bakery & Cakes,McVitie's Jaffa Original Cake Bar  5 Pack Multipack,£2.00
Bakery & Cakes,Jason's Sourdough Crumpets 6 Pack,£1.85
Bakery & Cakes,Mr Kipling French Fancies Cakes Multipack Snack 8pk,£3.00
Bakery & Cakes,Mr Kipling Lemon Slices Cakes Multipack Snack 8pk,£3.00
Bakery & Cakes,Mr Kipling Chocolate Slices Cakes Multipack Snack 8pk,£3.00
Bakery & Cakes,Mr Kipling Birthday Cake Slices,£3.00
Bakery & Cakes,Mr Kipling Lemon Fancies Cakes Multipack Snack 8pk,£3.00
Bakery & Cakes,Brioche Pasquier Pancake,£2.50
Bakery & Cakes,Mr Kipling Angel Slices Cakes Multipack Snack 8pk,£3.00
Bakery & Cakes,Brioche Pasquier Chocolate Chip Pancakes   8 pack,£2.50
Bakery & Cakes,Mr Kipling Strawberries & Cream French Fancies Cakes Multipack Snack 8pk,£2.99
Frozen Food,Albert Bartlett Homestyle Chips,£3.00
Frozen Food,Morrisons Savers Vanilla Ice Cream 2L,£1.35
Frozen Food,Kelly's Vanilla Cornish Dairy Ice Cream,£5.25
Frozen Food,Viennetta Pistachio Vanilla Ice Cream Frozen Dessert 650ml,£2.00
Frozen Food,Viennetta Mint Ice Cream Dessert,£2.00
Frozen Food,Viennetta Vanilla Ice Cream Dessert,£2.00
Frozen Food,Carte D'or Madagascan Vanilla Light Ice Cream Tub,£3.75
Frozen Food,Carte D'or Rich Salted Caramel Ice Cream Tub 900ml,£3.75
Frozen Food,Carte D'Or Delightful Strawberry Ice Cream Tub 900ml,£3.75
Frozen Food,Morrisons Toffee & Vanilla Ice Cream,£2.50
Frozen Food,Carte D'Or Refreshing Mint Choc Chip Ice Cream Tub 900ml,£3.75
Frozen Food,Carte D'Or Indulgent Chocolate Ice Cream Tub 900ml,£3.75
Frozen Food,Carte D'or Madagascan Vanilla Ice Cream Tub 900ml,£3.75
Frozen Food,Robinson Fruit Shoot Squeezee Ice Pops,£1.59
Frozen Food,Morrisons Double Chocolate Ice Cream,£2.75
Frozen Food,Morrisons Salted Caramel Ice Cream,£2.75
Frozen Food,Morrisons Tropical Sorbet,£2.75
Frozen Food,Solero Strawberry Twist Ice Cream Sticks 3 x 90ml,£2.75
Frozen Food,Morrisons Savers Ice Lollies,£1.12
Frozen Food,Cornetto Classico Ice Cream Cones 6 x 90ml,£3.50
Frozen Food,Cornetto Mint Ice Cream Cones 6 x 90ml,£3.50
Frozen Food,Cornetto Strawberry Ice Cream Cones 6 x 90ml,£3.50
Frozen Food,Cadbury Dairy Milk Caramel Ice Cream Cones,£3.25
Frozen Food,Cadbury Dairy Milk Crunchie Ice Cream Cones,£3.25
Frozen Food,Cadbury Dairy Milk Buttons Ice Cream Cones,£3.25
Frozen Food,Fab Strawberry Ice Lollies,£2.50
Frozen Food,Oreo Ice Cream Tub 425ml,£3.50
Frozen Food,Nestle Rowntrees Fruit Pastilles Lollies Family Pack,£4.00
Frozen Food,Oreo Ice Cream Sandwiches   4 x 110ml,£4.00
Frozen Food,Calippo Strawberry Ice Lollies 5 x 80ml,£2.75
Frozen Food,Calippo Mini Cola Ice Lollies 5 x 80ml,£2.75
Frozen Food,Rowntrees Fruit Pastille Push Ups Strawberry & Tropical,£2.50
Frozen Food,Oreo Ice Cream Sticks,£3.50
Frozen Food,Rowntree's Fruit Pastille Push Ups Blackcurrant & Orange 4 x 90ml,£2.50
Frozen Food,Mackie's Mini Collection Ice Cream Pack,£4.00
Frozen Food,Rowntree's Fruit Blaster Ice Lollies 6 x 58ml,£2.50
Frozen Food,Calippo Mini Orange & Lime Ice Lollies  5 x 80ml,£2.90
Frozen Food,Cadbury Flake Ice Cream Tub,£5.75
Frozen Food,Oreo Topped Ice Cream Cones,£4.00
Frozen Food,Oreo Ice Cream Sandwich,£3.50
Frozen Food,Magnum Almond Ice Cream Sticks 6 x 100ml,£6.00
Frozen Food,Magnum Classic Ice Cream Sticks 6 x 100ml,£6.00
Frozen Food,Magnum White Chocolate Ice Cream Sticks 6 x 100ml,£6.00
Frozen Food,Cadbury Flake 99 Ice Cream Cones,£5.75
Frozen Food,Ben & Jerry's Strawberry Doughnut-eee Ice Cream Tub 465ml,£5.75
Frozen Food,Ben & Jerry's Caramel Brownie Party Ice Cream Tub 465ml,£5.50
Frozen Food,Ben & Jerry's Churrifically Churros-y Ice Cream Tub 465ml,£5.75
Frozen Food,Ben & Jerry's Caramel Chew Chew Ice Cream Tub 465ml,£5.50
Frozen Food,Ben & Jerry's Cookie Dough Vanilla Ice Cream Tub 465ml,£5.50
Frozen Food,Ben & Jerry's Half Baked Chocolate & Vanilla Ice Cream Tub 465ml,£5.50
Food To Order,Yo! Sushi Roll Party Platter - 42 Pieces,£17.00
Food To Order,Yo! Sushi Crispy Veggie Sharing Platter - 19 Pieces,£10.00
Food To Order,Yo! Sushi Mixed Rolls Sharer Platter - 20 Pieces,£10.00
Food To Order,Yo! Sushi Crispy Maki Platter - 20 Pieces,£10.00
Food To Order,"YO! Sushi Salmon, Cali & Prawn Platter - 36 Pieces",£17.00
Food To Order,Yo! Sushi Veggie Favourites Platter - 20 Pieces,£10.00
Food To Order,Cookies Party Platter (20 Pack)   FTO,£4.50
Food To Order,Chocolate Party Platter (13 Pack)   FTO,£4.00
Food To Order,Raspberry Mini Sponge Sharing Platter (16 Pieces)   FTO,£9.50
Food To Order,Lemon Mini Sponge Sharing Platter (16 Pieces)   FTO,£9.50
Food To Order,Chocolate Mini Sponge Sharing Platter (16 Pieces)   FTO,£9.50
Food To Order,The Best Scone Platter (9 Pack)   FTO,£9.00
Food To Order,Large Fresh Cream Strawberry Gateau (Serves 16)   FTO,£10.00
Food To Order,Classic Sandwich Platter (20 Pieces) FTO,£16.00
Food To Order,Whole Victoria Sponge Cake (14 Slices)   FTO,£16.00
Food To Order,Whole Coffee And Walnut Cake (14 Slices)   FTO,£16.00
Food To Order,Morrisons  Belgian Chocolate Whole Cake,£16.00
Food To Order,Wrap Platter (16 Pieces) - Eat On Same Day   FTO,£16.00
Food To Order,Whole Lemon Meringue Cake (14 Slices)   FTO,£16.00
Food To Order,Morrisons Whole Birthday Cake   FTO,£16.00
Food To Order,Whole Lemon Cake (14 Slices)   FTO,£16.00
Food To Order,Whole Carrot Cake (14 Slices),£16.00
Food To Order,Cooked Meat Sandwich Platter (20 Pieces) - Eat On Same Day  FTO,£16.00
Food To Order,Vegetarian Sandwich Platter (20 Pieces) - Eat On Same Day   FTO,£16.00
Food To Order,Morrisons The Best Sandwich Platter,£18.00
Food To Order,Deli Style Potato Salad 900g (Serves 6)   FTO,£5.00
Food To Order,Deli Style Coleslaw 900g (Serves 6)   FTO,£5.00
Food To Order,Morrisons Hot Pepperoni Pasta  750g   FTO,£5.00
Food To Order,Morrisons Tuna & Sweetcorn Pasta 750g  FTO,£5.00
Food To Order,Sweet Chilli Noodles 750g (Serves 6)  FTO,£5.00
Food To Order,Spicy Chicken Pasta 750g (Serves 6)   FTO,£5.00
Food To Order,Bacon & Cheese Pasta Salad 750g (Serves 6)   FTO,£5.00
Food To Order,Morrisons Pasta Bows In A Green Pesto Dressing 750g   FTO,£5.00
Food To Order,Mixed Olives With Herbs 500g (Serves 8),£7.00
Food To Order,Morrisons Deli Charcuterie Grazing Platter 364g,£10.00
Food To Order,The Best Charcuterie Platter (90 Pieces)   FTO,£12.00
Food To Order,Continental Meat & Cheese Party Platter (80 Pieces)   FTO,£12.00
Food To Order,Iced Ring Doughnuts (12 Pack)   FTO,£3.50
Food To Order,Pastries Platter (8 Pack)   FTO,£4.00
Food To Order,Morrisons Hidden Centre Cupcakes,£6.00
Food To Order,Cream Cake Selection (4 Pack)   FTO,£3.00
Food To Order,Morrisons Piping Bag & Nozzle Set 14 piece,£3.50
Food To Order,Muffin Platter (9 Pack)   FTO,£4.00
Food To Order,"Giant 10"" Chocolate Cookie Thank You (Serves 10)   FTO",£7.00
Food To Order,"Giant 10"" Chocolate Cookie Good Luck (Serves 10)   FTO",£7.00
Food To Order,"Giant 10"" Triple Chocolate Cookie I Love You (Serves 10)   FTO",£7.00
Food Cupboard,Nutella Chocolate & Hazelnut Spread   350g,£3.20
Food Cupboard,Eat Natural Soft Fruit Bars Red Fruits,£3.00
Food Cupboard,Nutella Hazelnut Spread with Cocoa 1000g,£7.00
Food Cupboard,Schwartz Chilli con Carne Recipe Mix,£1.00
Food Cupboard,Schwartz Spaghetti Bolognese Recipe Mix,£1.00
Food Cupboard,Kellogg's Bluey Chocolate Cereal Bars 4 x 25g,£1.80
Food Cupboard,Schwartz Creamy Pepper Sauce Mix,£1.00
Food Cupboard,Schwartz Sausage Casserole Recipe Mix,£1.00
Food Cupboard,Schwartz Cheddar Cheese Sauce Mix 40g,£1.00
Food Cupboard,Morrisons British Semi Skimmed Milk 4 Pint,£1.65
Food Cupboard,Morrisons Chopped Tomatoes (400g),£0.45
Food Cupboard,Morrisons British Whole Milk 4 Pint,£1.65
Food Cupboard,Morrisons Microwave Rice Basmati 250g,£0.55
Food Cupboard,Morrisons Passata (500g),£0.45
Food Cupboard,Morrisons Baked Beans 4x410g,£1.50
Food Cupboard,Morrisons Tuna Chunks In Spring Water 4x145g,£2.49
Food Cupboard,Morrisons Tomato Puree (200g),£0.59
Food Cupboard,Tate & Lyle Granulated Sugar 1Kg,£1.09
Food Cupboard,Morrisons British Skimmed Milk 4 Pint,£1.65
Food Cupboard,Morrisons Baked Beans 410g,£0.38
Food Cupboard,Morrisons Red Kidney Beans (400g),£0.37
Food Cupboard,Morrisons Spaghetti 500g,£0.75
Food Cupboard,Morrisons Chopped Tomatoes (4x400g),£1.78
Food Cupboard,Morrisons Chickpeas In Water (400g),£0.37
Food Cupboard,Morrisons Fusilli,£0.75
Food Cupboard,Morrisons Penne,£0.69
Food Cupboard,Pot Noodle Chicken & Mushroom Standard 90g,£1.20
Food Cupboard,Morrisons Mighty Malties,£0.95
Food Cupboard,Morrisons Long Grain Micro Rice,£0.55
Food Cupboard,Muller Rice Strawberry Low Fat Dessert 170g,£0.95
Food Cupboard,Muller Rice Original Low Fat Dessert 170g,£0.95
Food Cupboard,Heinz Cream of Tomato Soup 400g,£1.70
Food Cupboard,Morrisons Bolognese Sauce 500g,£0.79
Food Cupboard,Morrisons Butter Beans In Water (400g),£0.45
Food Cupboard,Ambrosia Rice Pudding Dessert Can 400g,£2.00
Food Cupboard,Morrisons Plain Flour   1.5kg,£0.70
Food Cupboard,Morrisons Peeled Plum Tomatoes (400g),£0.47
Food Cupboard,Ambrosia Devon Custard Dessert Can 400g,£2.00
Food Cupboard,Morrisons Squeezy Pure Clear Honey 454g,£1.39
Food Cupboard,Morrisons Mayonnaise 500ml,£0.95
Food Cupboard,Morrisons Cornflakes 500g,£0.95
Food Cupboard,Morrisons Vegetable Oil    1l,£1.45
Food Cupboard,Morrisons Savers Creamed Rice Pudding,£0.39
Food Cupboard,Morrisons Whole Carrots (300g),£0.45
Food Cupboard,Nescafe Original Instant Coffee 300g,£7.75
Food Cupboard,Morrisons Conchiglie,£0.69
Food Cupboard,Muller Rice Apple Low Fat Dessert 170g,£0.95
Food Cupboard,Morrisons Gold Roast Instant Coffee 200g,£2.65
Food Cupboard,Taylors of Harrogate Yorkshire Tea 240 Tea Bags,£7.50
Food Cupboard,Morrisons Self Raising Flour,£0.70
Treats & Snacks,Pringles Minis Sour Cream & Onion Multipack Crisps 6x20g,£2.25
Treats & Snacks,Eat Natural Soft Bars Apple,£3.00
Treats & Snacks,Kind Caramel Chocolate Peanut Bars 3x30g,£3.00
Treats & Snacks,Kind Chocolate Chip Cashew Bars 3x30g,£3.00
Treats & Snacks,Eat Natural Soft Bar Date & Peanut,£3.00
Treats & Snacks,McVitie's Rich Tea The Light One Biscuits,£1.90
Treats & Snacks,McVitie's Digestives Biscuits The Light One,£2.00
Treats & Snacks,Eat Natural Soft Fruit Bars Red Fruits,£3.00
Treats & Snacks,Snack A Jacks Jumbo Caramel Sharing Rice Cake Crisps,£2.50
Treats & Snacks,Jonas Momento Milk Chocolate Biscuits 100g,£0.15
Treats & Snacks,Mrs Crimble's Gluten Free 6 Big Chocolate Macaroons,£1.80
Treats & Snacks,Morrisons The Best All Butter Stem Ginger Cookies    200g,£2.50
Treats & Snacks,Mr Kipling Honey & Nut Breakfast Bakes,£2.50
Treats & Snacks,Kinder Bueno Milk Chocolate & Hazelnut Twin Finger Bar,£1.00
Treats & Snacks,Ferrero Rocher Milk Chocolate Hazelnut Pralines Treat Pack 3 Pieces 37.5g,£1.75
Treats & Snacks,Mrs Tilly's Famous Tablet Bar,£1.15
Treats & Snacks,Smint Sugarfree 2 Hours Clean Breath 50 Mints,£1.65
Treats & Snacks,Belvita Soft Bakes Chocolate Chip Cereal Snack Bars Multipack,£2.95
Treats & Snacks,Morrisons Digestives,£0.59
Treats & Snacks,Morrisons Custard Creams,£0.60
Treats & Snacks,Barny Milk Soft Baked Bears Biscuits 5 Pack Multipack,£1.25
Treats & Snacks,Morrisons Cream Crackers,£0.49
Treats & Snacks,Nature Valley Crunchy Cocoa & Hazelnut Pack  5 x,£2.50
Treats & Snacks,Belvita Minis Honey,£1.25
Treats & Snacks,Morrisons Ginger Nuts,£0.59
Treats & Snacks,Eat Real Multiseed Tortilla Chilli Lime & Sea Salt Chips 5 x 160g,£2.75
Treats & Snacks,Morrisons Malted Milk Biscuits 200g,£0.49
Treats & Snacks,Morrisons Savers Chocolate Chip Cookies,£0.65
Treats & Snacks,Morrisons Fig Rolls,£0.59
Treats & Snacks,Pimlico Sour Gift Bags With Ribbon 210g,£3.00
Treats & Snacks,Lotus Biscoff Biscuit,£1.70
Treats & Snacks,Morrisons Cool Tortilla Chips,£0.80
Treats & Snacks,Morrisons Tortillas Nacho Cheese,£0.80
Treats & Snacks,Morrisons Lightly Salted Tortilla Chips,£0.80
Treats & Snacks,Morrisons Tortillas Chilli,£0.80
Treats & Snacks,Belvita Chocolate Chip Cereal Biscuit Snack Bars Multipack,£1.25
Treats & Snacks,Belvita 30% Less Sugar Choc Chip Cereal Snack Bars Multipack,£1.25
Treats & Snacks,Belvita Milk & Cereal Biscuit Snack Bars Multipack,£1.25
Treats & Snacks,Belvita Honey & Nut with Chocolate Chips Cereal Snack Bars Multipack,£1.25
Treats & Snacks,Belvita Golden Oats Cereal Biscuit Snack Bars Multipack,£1.25
Treats & Snacks,Maltesers Reindeer 5 Pack 145g,£3.30
Treats & Snacks,Swizzels Squashies Biscuits Cherry & Apple,£1.00
Treats & Snacks,Swizzels Squashies Biscuits Raspberry & Milk,£1.00
Treats & Snacks,Swizzels Love Heart Biscuits Orange,£1.00
Treats & Snacks,Mcvitie's Hobnobs Oaty Cru'nch Creams Chocolate Flavour   100g,£1.00
Treats & Snacks,McVitie'S Hobnobs Oaty Crunch Creams  100gMilk Flavour 100g,£1.00
Treats & Snacks,Galaxy Milk Chocolate Digestive Biscuits,£2.00
Treats & Snacks,Morrisons Monkey Nuts 200g,£1.05
Treats & Snacks,Jammie Dodgers Raspberry Flavoured Biscuits,£0.90
Treats & Snacks,Jammie Dodger Really Fruity,£0.90
Dietary & Lifestyle Foods,Vimto No Added Sugar Real Fruit Squash 1L,£2.25
Dietary & Lifestyle Foods,Red Bull Energy Drink Sugar Free,£10.50
Dietary & Lifestyle Foods,Wrigley's Airwaves Menthol & Eucalyptus Sugar Free Chewing Gum 46 Pieces,£2.50
Dietary & Lifestyle Foods,Morrisons Crumpets 6 Pack,£0.45
Dietary & Lifestyle Foods,Vitabiotics Wellwoman Vegan Tablets,£11.00
Dietary & Lifestyle Foods,Dina Paninette Large White Bread Wraps,£1.19
Dietary & Lifestyle Foods,Warburtons Plain Bagels,£1.90
Dietary & Lifestyle Foods,Warburtons Cinnamon & Raisin Bagels,£1.90
Dietary & Lifestyle Foods,Mrs Crimble's Gluten Free 6 Big Chocolate Macaroons,£1.80
Dietary & Lifestyle Foods,Warburtons Seeded Protein Thin Bagels,£1.85
Dietary & Lifestyle Foods,Genius Delicously Gluten Free Blueberry Pancakes,£2.35
Dietary & Lifestyle Foods,Warburtons Protein Sliced Flatbreads,£1.75
Dietary & Lifestyle Foods,Berocca Orange Effervescent Energy Vitamin Tablets,£16.50
Dietary & Lifestyle Foods,Morrisons Organic Gala Apples 6 Pack,£2.35
Dietary & Lifestyle Foods,Genius Gluten Free Classic Crumpets 4 Pack,£2.35
Dietary & Lifestyle Foods,Freee Chocolate Chip Oat Bars,£2.80
Dietary & Lifestyle Foods,Warburtons Gluten Free Soft White Pittas,£3.00
Dietary & Lifestyle Foods,The Clay Oven Bakery Garlic & Coriander Naan Breads   3 pack,£1.85
Dietary & Lifestyle Foods,Morrisons British 6 Quarter Pounder Burgers,£5.00
Dietary & Lifestyle Foods,Morrisons Organic Lemons 3 Pack,£1.90
Dietary & Lifestyle Foods,Morrisons Organic Pears 4 Pack,£2.70
Dietary & Lifestyle Foods,Berocca Boost + Guarana Acerola Cherry 10 Effervescent Tablets,£8.00
Dietary & Lifestyle Foods,Morrisons Organic Twin Peppers 2 Pack,£1.73
Dietary & Lifestyle Foods,Morrisons Gluten Free Christmas Cupcakes 2 Pack,£2.50
Dietary & Lifestyle Foods,Organic Ripe & Ready Avocados 2 Pack,£2.60
Dietary & Lifestyle Foods,Morrisons Organic Celery,£1.40
Dietary & Lifestyle Foods,Myprotein Clear Whey Isolate Le Chupa Chups Strawberry 20 Servings,£29.00
Dietary & Lifestyle Foods,Morrisons No Added Sugar Diet Cola,£0.49
Dietary & Lifestyle Foods,Morrisons Mixed Fruit Crush No Added Sugar 2L,£0.95
Dietary & Lifestyle Foods,Morrisons No Added Sugar Cream Soda,£0.95
Dietary & Lifestyle Foods,Morrisons No Added Sugar Orange Crush,£0.95
Dietary & Lifestyle Foods,Morrisons No Added Sugar Lemon Crush   2L,£0.95
Dietary & Lifestyle Foods,Morrisons No Added Sugar Cherryade,£0.95
Dietary & Lifestyle Foods,Morrisons No Added Sugar Diet Dandelion & Burdock 2L,£0.95
Dietary & Lifestyle Foods,Morrisons No Added Sugar Tropical Crush,£0.95
Dietary & Lifestyle Foods,Morrisons No Added Sugar Mixed Berry Crush 2L,£0.95
Dietary & Lifestyle Foods,Radnor Splash Cherry Still Flavoured Spring Water 6 x 500ml,£2.50
Dietary & Lifestyle Foods,Tango Orange Sugar Free Bottle 2 L,£2.00
Dietary & Lifestyle Foods,Tango Apple Sugar Free Bottle 2L,£2.00
Dietary & Lifestyle Foods,Tango Cherry Sugar Free 2 L,£2.00
Dietary & Lifestyle Foods,Volvic Touch Of Fruit Sugar Free Mango & Passion Fruit Still Water 1.5L,£1.55
Dietary & Lifestyle Foods,Volvic Touch Of Fruit Sugar Free Apple & Blackcurrant 1.5L,£1.55
Dietary & Lifestyle Foods,Volvic Touch of Fruit Sugar Free Strawberry Natural Flavoured Water,£1.55
Dietary & Lifestyle Foods,Volvic Touch of Fruit Sugar Free Watermelon Natural Flavoured Water,£1.55
Dietary & Lifestyle Foods,Volvic Touch of Fruit Sugar Free Summer Fruits Natural Flavoured Water,£1.55
Dietary & Lifestyle Foods,Volvic Touch Of Fruit Sugar Free Peach & Raspberry Vitality Flavoured Water,£1.55
Dietary & Lifestyle Foods,Volvic Touch of Fruit Sugar Free Lemon & Lime Natural Flavoured Water,£1.55
Dietary & Lifestyle Foods,IRN-BRU ZERO Soft Drink Bottle 2L,£2.07
Dietary & Lifestyle Foods,Morrisons No Added Sugar Peach Fruit & Barley Squash 1L,£1.09
Dietary & Lifestyle Foods,Tango Cherry Sugar Free,£4.05
World Foods,Rubicon Sparkling Cherry Burst 2L,£2.00
World Foods,Rubicon Sparkling Lychee Juice Soft Drink 2L,£1.50
World Foods,Rubicon Sparkling Tropical 2L,£2.00
World Foods,Rubicon Sparkling Mango Soft Drink Bottle 2L,£2.00
World Foods,Regal Original Cake Rusks 18 Pack,£2.65
World Foods,Regal Soonfi Cake Rusk,£2.60
World Foods,Riya's Frozen Plain Paratha,£3.50
World Foods,Regal Classic Fruit Cake Slices 7 Pack,£1.50
World Foods,Dina Paninette White Bread Wraps,£1.09
World Foods,Dina Paninette Wholemeal Bread Wraps,£1.19
World Foods,Dina Paninette Large White Bread Wraps,£1.19
World Foods,The Clay Oven Bakery Garlic & Coriander Naan Breads   3 pack,£1.85
World Foods,Muszynianka Sparkling Mineral Water,£1.25
World Foods,Rubicon Sparkling Passionfruit Soft Drink Bottle 2L,£1.95
World Foods,Indus Cola Drink,£1.50
World Foods,Rubicon Rose Lemonade 2L,£2.00
World Foods,Cidona Apple Drink,£2.30
World Foods,Rubicon Sparkling Mango Soft Drink Cans 24 x 330ml,£9.50
World Foods,Tymbark Apple-Peach-Strawberry Drink,£0.50
World Foods,Regal Siprus Finest Mango Drink 2L,£3.15
World Foods,Regal Siprus Finest Pink Guava Drink 2L,£3.15
World Foods,Tymbark Apple Cherry Drink,£0.70
World Foods,Kubus Go Apple Juice,£1.05
World Foods,Oshee Vitamin Water Vitamins And Minerals,£1.40
World Foods,Oshee Vitamin Water Magnesium + B6,£1.40
World Foods,Rubicon Sparkling Mango 8 x 330ml,£5.20
World Foods,Laila Chilli & Garlic Sauce 1L,£2.35
World Foods,Tymbark Apple & Mint Drink,£0.75
World Foods,Rubicon Sparkling Guava Soft Drink Can 330ml,£0.80
World Foods,Rubicon Sparkling Passionfruit Soft Drink Can 330ml,£0.80
World Foods,Rubicon Sparkling Lychee Soft Drink Can 330ml,£0.80
World Foods,Ka Sparkling Black Grape 330ml,£0.80
World Foods,Rubicon Sparkling Mango Soft Drink Can 330ml,£0.80
World Foods,Tiger Zero No Sugar,£0.80
World Foods,Laila Pomace Olive Oil Blend,£14.00
World Foods,Rubicon Still Pineapple Drink Carton 288ml,£0.80
World Foods,Squid Brand Fish Sauce 725ml,£2.40
World Foods,Laila Pomace Olive Oil Blend 5l,£18.00
World Foods,Pakeeza Mango Lassi,£1.45
World Foods,Mogu Mogu Nata De Coco Drink Lychee Flavour,£1.35
World Foods,Mogu Mogu Nata De Coco Drink Melon Flavour,£1.30
World Foods,Mogu Mogu Nata De Coco Drink Mango Flavour,£1.35
World Foods,Mogu Mogu Nata De Coco Drink Blackcurrant Flavour,£1.30
World Foods,Mogu Mogu Nata De Coco Drink Grape Flavour,£1.35
World Foods,Mogu Mogu Nata De Coco Drink Strawberry Flavour,£1.35
World Foods,KTC Pure Corn Oil 1L,£3.98
World Foods,Rubicon Sparkling Passion Fruit,£1.95
World Foods,Laila Kewra Water 190ml,£1.00
World Foods,Laila Rose Water  190ml,£1.25
World Foods,Lotte Milkis Milk And Yogurt Drink,£1.20
World Foods,Suncrest Lychee Juice Drink 250Ml,£1.00
World Foods,Lotte Milkis Strawberry Drink,£1.20
World Foods,Lotte Milkis Melon Drink,£1.20
World Foods,Suncrest Mango Juice Drink 250Ml,£1.00
Drinks,Califia Farms Mocha Cold Brew Coffee With Almond 750ml,£2.95
Drinks,Celsius Raspberry & Peach,£5.50
Drinks,Vimto Original Real Fruit Squash,£2.25
Drinks,Celsius Mango & Lemon,£5.50
Drinks,Vimto No Added Sugar Real Fruit Squash 1L,£2.25
Drinks,Rubicon Sparkling Cherry Burst 2L,£2.00
Drinks,Rubicon Sparkling Lychee Juice Soft Drink 2L,£1.50
Drinks,Rubicon Sparkling Tropical 2L,£2.00
Drinks,Rubicon Sparkling Mango Soft Drink Bottle 2L,£2.00
Drinks,Morrisons Savers Diet Lemonade,£0.39
Drinks,Morrisons No Added Sugar Diet Cola,£0.49
Drinks,Morrisons Cherry Cola,£0.49
Drinks,Morrisons Cola Zero Sugar 2L,£0.49
Drinks,Morrisons Cola,£0.85
Drinks,Morrisons Diet Lemonade 2L,£0.85
Drinks,Morrisons Lemonade 2L,£0.85
Drinks,Morrisons Mixed Fruit Crush No Added Sugar 2L,£0.95
Drinks,Morrisons No Added Sugar Cream Soda,£0.95
Drinks,Morrisons No Added Sugar Orange Crush,£0.95
Drinks,Morrisons No Added Sugar Lemon Crush   2L,£0.95
Drinks,Morrisons No Added Sugar Cherryade,£0.95
Drinks,Morrisons Pink Lemonade,£0.95
Drinks,Morrisons No Added Sugar Diet Dandelion & Burdock 2L,£0.95
Drinks,Morrisons No Added Sugar Tropical Crush,£0.95
Drinks,Morrisons No Added Sugar Mixed Berry Crush 2L,£0.95
Drinks,Buxton Still Natural Mineral Water,£2.50
Drinks,Highland Spring Still Water 12 x 500ml,£3.60
Drinks,Volvic Still Mineral Water,£1.20
Drinks,Nestle Pure Life Still Spring Water Sports Cap,£2.50
Drinks,Schweppes Lemonade,£1.60
Drinks,Schweppes Slimline Lemonade,£1.60
Drinks,Highland Spring Sparkling Spring Water,£3.15
Drinks,Radnor Splash Apple & Raspberry Still Water,£2.50
Drinks,Radnor Splash Cherry Still Flavoured Spring Water 6 x 500ml,£2.50
Drinks,Radnor Splash Still Strawberry,£2.50
Drinks,R Whites Premium Lemonade 2L,£1.40
Drinks,Morrisons Sparkling Apple & Mango Water,£0.75
Drinks,Rubicon Sparkling Passionfruit Soft Drink Bottle 2L,£1.95
Drinks,Morrisons Still Strawberry Flavoured Spring Water 1L,£0.80
Drinks,Macb Lemon & Lime Still Spring Water,£1.25
Drinks,Mac B Apple & Blackcurrant 1.5 L,£1.25
Drinks,Mac B Cranberry & Raspberry 1.5 L,£1.25
Drinks,Macb Strawberry & Kiwi Still Spring Water,£1.25
Drinks,Indus Cola Drink,£1.50
Drinks,Morrisons Lime Soda 1L,£0.85
Drinks,Morrisons Diet Tonic Water with a Hint of Lime,£0.90
Drinks,Morrisons Low Calorie Tonic Water with Lemon,£0.90
Drinks,Morrisons Indian Tonic Water,£0.90
Drinks,Morrisons Low Calorie Ginger Ale,£0.90
Drinks,Morrisons Soda Water,£0.90
"Beer, Wines & Spirits",Henry Westons Medium Dry British Vintage Cider Bottle  750ml,£3.50
"Beer, Wines & Spirits",Birra Moretti Zero Alcohol Free 4x330ml,£5.25
"Beer, Wines & Spirits",Cruzcampo Sevilla Lager Beer Bottles 12 x 330ml,£12.50
"Beer, Wines & Spirits",Diablo Volcanic Cabernet Sauvignon 75CL,£11.00
"Beer, Wines & Spirits",Heineken 0.0 Alcohol Free Premium Lager Beer 0% ABV Bottles 12x330ml,£10.00
"Beer, Wines & Spirits",Strongbow Original Cider Cans 10x440ml,£10.50
"Beer, Wines & Spirits",Diablo Dark Red,£10.50
"Beer, Wines & Spirits",Inch's Cloudy Cider 10x440ml,£11.75
"Beer, Wines & Spirits",Birra Moretti Lager Beer Cans 10x330ml,£12.50
"Beer, Wines & Spirits",Foster's Lager Beer Can  18 x 440ml,£13.00
"Beer, Wines & Spirits",Bud Light 18x440ml Cans,£12.50
"Beer, Wines & Spirits",Carlsberg Danish Pilsner Lager Beer Cans 18 x 440ml,£13.00
"Beer, Wines & Spirits",La Vieille Ferme Rose Reserve 75CL,£12.50
"Beer, Wines & Spirits",John Smith's 18 Extra Smooth Cans 18 x 440ml,£18.00
"Beer, Wines & Spirits",Bud Light 10x440ml Cans,£11.25
"Beer, Wines & Spirits",Foster's Lager Beer Can   12 x 440ml,£10.00
"Beer, Wines & Spirits",Magners Original Cider Cans 18x440ml,£15.25
"Beer, Wines & Spirits",Hobgoblin Session IPA Ale Beer Cans 10x440ml,£10.25
"Beer, Wines & Spirits",Banks's Bitter Beer Bottle,£0.99
"Beer, Wines & Spirits",Thatchers Zero Cider 4x440ml,£4.00
"Beer, Wines & Spirits",Inch's Alcohol Free Cider 4x440ml,£4.00
"Beer, Wines & Spirits",Old Session Hen Easy-Drinking Session Beer,£1.50
"Beer, Wines & Spirits",Morrisons Pink Grapefruit Juice,£2.00
"Beer, Wines & Spirits",Thatchers Haze Cloudy Somerset Cider Cans 10x440ml,£11.00
"Beer, Wines & Spirits",Inch's Medium Apple Cider Cans 10x440ml,£11.75
"Beer, Wines & Spirits",Thatchers Blood Orange 10 x 440ml,£12.25
"Beer, Wines & Spirits",Carlsberg Pilsner 3.4% Abv  12 x 440ml,£11.68
"Beer, Wines & Spirits",Hobgoblin Ruby Ale Beer Cans 4x440ml,£5.50
"Beer, Wines & Spirits",Hobgoblin Gold Ale Beer Cans 4x440ml,£5.50
"Beer, Wines & Spirits",McEwan's Export Original Scottish Export Ale Beer Cans,£14.25
"Beer, Wines & Spirits",Carling Original Lager Beer Cans 10x440ml,£10.50
"Beer, Wines & Spirits",Magners Original Cider Cans 10x440ml,£10.75
"Beer, Wines & Spirits",Schweppes Slimline Tonic Water,£6.35
"Beer, Wines & Spirits",Murphy's Irish Stout 4x440ml,£5.15
"Beer, Wines & Spirits",Coors,£4.50
"Beer, Wines & Spirits",Thatchers Juicy Apple Cider 4x440ml,£4.50
"Beer, Wines & Spirits",Carling Original Lager 4x440ml,£4.55
"Beer, Wines & Spirits",Budweiser Lager Beer Cans 10 x 440ml,£11.50
"Beer, Wines & Spirits",Old Session Hen 10x440ml,£11.50
"Beer, Wines & Spirits",Sol Lager 15X330ML,£13.00
"Beer, Wines & Spirits",Inch's Cloudy Cider 4x440ml,£5.75
"Beer, Wines & Spirits",Thatchers Gold   Cider 4.8% 4x440ml,£5.25
"Beer, Wines & Spirits",Budweiser Zero 0% Beer 4 x 330 Bottles,£3.75
"Beer, Wines & Spirits",Guinness Draught Stout Beer 4.1% vol Cans 12 x 440ml,£17.00
"Beer, Wines & Spirits",John Smith's 10 Extra Smooth Cans 10x440ml,£12.00
"Beer, Wines & Spirits",Carling Black Label Premium Lager Beer Cans 10 x 440ml,£12.00
"Beer, Wines & Spirits",Heineken Original Premium Lager Beer 5% ABV Cans 10x440ml,£12.00
"Beer, Wines & Spirits",Birrificio Angelo Poretti Italian Lager Cans 10x440ml,£12.00
"Beer, Wines & Spirits",Cruzcampo Sevilla Lager Beer Cans 10 x 440ml,£13.00
"Beer, Wines & Spirits",Inch's Reserve Cider   500ml,£3.00
Toiletries & Beauty,Colgate Max White Ultimate At Home LED Teeth Whitening Kit,£75.00
Toiletries & Beauty,Colgate Max White Sparkle Diamonds Teeth Whitening Toothpaste,£3.75
Toiletries & Beauty,Colgate Sensitive Gum Toothpaste,£6.00
Toiletries & Beauty,Sanex Skin Therapy Anti-Itchiness & Anti-Irritation Shower Gel Body Wash,£5.50
Toiletries & Beauty,Colgate Max White Crystals Mint Toothpaste,£6.00
Toiletries & Beauty,Colgate Sensitive Repair & Prevent Gentle Whitening,£8.00
Toiletries & Beauty,Sanex Skin Therapy Anti-Dryness Shower Gel Body Wash,£5.50
Toiletries & Beauty,Rock Face Refined 48hr Antiperspirant Deodorant 200ml,£3.75
Toiletries & Beauty,Tena Lights Liner Long,£3.75
Toiletries & Beauty,Morrisons Bamboo Cotton Buds 500 Pack,£1.00
Toiletries & Beauty,Morrisons Savers Family Size Facial Tissues,£0.80
Toiletries & Beauty,Kleenex Extra Large Compact Tissues 4 pack,£4.75
Toiletries & Beauty,Oral-B Essential Floss Pick 75 Pack,£3.50
Toiletries & Beauty,Morrisons Denture Cleaning Tablets,£0.95
Toiletries & Beauty,Morrisons Dental Floss Harps,£1.90
Toiletries & Beauty,NIVEA Cleansing Face Wipes Dry & Sensitive Skin,£1.65
Toiletries & Beauty,NIVEA Cleansing Face Wipes Normal Skin,£1.65
Toiletries & Beauty,Wisdom Clean Between Pro Medium Interdental Brushes,£3.00
Toiletries & Beauty,Wisdom Clean Between Pro Fine Interdental Brushes,£3.00
Toiletries & Beauty,Always Discreet Incontinence Liners Normal For Sensitive Bladder 24 pack,£2.25
Toiletries & Beauty,Simple Kind to Eyes Biodegradable Eye Make-Up Remover Pads,£3.75
Toiletries & Beauty,Always Discreet Incontinence Liners Long For Sensitive Bladder 20 pack,£2.25
Toiletries & Beauty,Morrisons Twin Blade Disposable Razors,£1.25
Toiletries & Beauty,Morrisons Twin Blade Disposable Razors,£1.30
Toiletries & Beauty,Simple Exfoliating Facial Wipes 20 Wipes,£4.00
Toiletries & Beauty,Simple Micellar Cleansing Wipes 20 Wipes,£5.00
Toiletries & Beauty,Always Discreet Incontinence Pads Small for Sensitive Bladder 20 pack,£2.75
Toiletries & Beauty,Simple Face Wipes Bio Instant Protect & Glow,£3.50
Toiletries & Beauty,Simple Age Resisting Biodegradable Wipes,£5.00
Toiletries & Beauty,Always Discreet Incontinence Pads Normal For Sensitive Bladder 24 pack,£5.00
Toiletries & Beauty,TENA Lady Discreet Normal Incontinence Pads Duo,£5.00
Toiletries & Beauty,Always Discreet Incontinence Pads Normal for Sensitive Bladder 12 pack,£2.75
Toiletries & Beauty,Always Discreet Incontinence Long Pads For Sensitive Bladder 20 pack,£5.00
Toiletries & Beauty,TENA Lady Extra Incontinence Pads Duo,£5.00
Toiletries & Beauty,Gillette Blue Disposable Razors 20 pack,£6.00
Toiletries & Beauty,Always Discreet Incontinence Pads+ Long for Sensitive Bladder 10 pack,£2.75
Toiletries & Beauty,Always Discreet For Sensitive Bladder Long Plus Pads Value Pack,£5.00
Toiletries & Beauty,TENA Lady Extra Plus Incontinence Pads Duo,£5.00
Toiletries & Beauty,TENA Men Incontinence Protective Shield,£4.50
Toiletries & Beauty,Morrisons Body Puffs 3 Pack,£1.00
Toiletries & Beauty,Always Discreet Incontinence Pads+ Long Plus Sensitive Bladder 8 pack,£2.75
Toiletries & Beauty,Always Discreet Pads Maxi Night Incontinence Bladder Weakness 12 Pack,£5.00
Toiletries & Beauty,TENA Lady Maxi Night Incontinence Pads Duo,£5.00
Toiletries & Beauty,TENA Men Level 2 Incontinence Absorbent Protector,£4.50
Toiletries & Beauty,Oral-B Dual Clean Black 40 Medium 4 pack,£4.50
Toiletries & Beauty,Gillette Blue 3 Disposable Razors 4 pack,£3.50
Toiletries & Beauty,Wilkinson Sword Xtreme 3 Sensitive Men's Disposable Razors,£4.60
Toiletries & Beauty,Kleenex Collection Cube Tissues 48 Sheets,£0.95
Toiletries & Beauty,Biore Ultra Deep Cleansing Pore Strips,£8.00
Toiletries & Beauty,Always Discreet Underwear Incontinence Pants Normal Medium 12 pack,£9.00
"Health, Wellbeing & Medicines",Voltaheat Non-Medicated Warming Gel From Voltarol,£4.99
"Health, Wellbeing & Medicines",Voltarol Joint & Back Pain Relief 2.32% Gel 30g,£8.00
"Health, Wellbeing & Medicines",Voltarol Back & Muscle Pain Relief 1.16% Gel 100g,£14.50
"Health, Wellbeing & Medicines",Cheeky Panda Plastic Free Bamboo Pocket Tissues (8 pack),£2.00
"Health, Wellbeing & Medicines",Bodyform Cour V Ultra Normal Sanitary Towels Wings,£2.75
"Health, Wellbeing & Medicines",Bodyform Cour-V Ultra Night Sanitary Towels Wings,£2.75
"Health, Wellbeing & Medicines",TENA Lady Maxi Night Incontinence Pads Duo,£5.00
"Health, Wellbeing & Medicines",TENA Lady Discreet Normal Incontinence Pads,£2.95
"Health, Wellbeing & Medicines",Bodyform Cour-V Ultra Normal Sanitary Towels,£1.75
"Health, Wellbeing & Medicines",Morrisons Folic Acid,£2.50
"Health, Wellbeing & Medicines",Morrisons Iron 14 Mg,£2.00
"Health, Wellbeing & Medicines",Morrisons Vitamin B Complex,£2.00
"Health, Wellbeing & Medicines",Morrisons Paracetamol 500mg Caplets 16 Pack,£0.35
"Health, Wellbeing & Medicines",Morrisons Ibuprofen Caplets 16 Pack,£0.35
"Health, Wellbeing & Medicines",Morrisons Calcium And Vitamin D,£3.00
"Health, Wellbeing & Medicines",Morrisons Multi Vitamins & Iron,£4.90
"Health, Wellbeing & Medicines",Andrex Ultimate Fresh Moist Toilet Tissue Hygiene Wipes 4 x 36,£5.00
"Health, Wellbeing & Medicines",Vitfix Iron Tablets,£5.00
"Health, Wellbeing & Medicines",Morrisons Chewable Vitamin C 200Mg Orange Flavour,£2.00
"Health, Wellbeing & Medicines",Morrisons Kids Chewable Multivitamins,£3.00
"Health, Wellbeing & Medicines",Vitfix Vitamin B Complex Tablets 180S,£6.00
"Health, Wellbeing & Medicines",Morrisons Clear Plasters,£1.35
"Health, Wellbeing & Medicines",Morrisons Super Ultra Towels with Wings,£0.41
"Health, Wellbeing & Medicines",Morrisons Light Skin Tone Plasters,£1.40
"Health, Wellbeing & Medicines",Morrisons High Strength Vitamin D Vitamins,£3.50
"Health, Wellbeing & Medicines",Vitfix Vitamin D Tablets 4000Iu,£7.00
"Health, Wellbeing & Medicines",Morrisons Essentials Maxi Towels,£0.40
"Health, Wellbeing & Medicines",Morrisons Vitamin C & Zinc,£2.40
"Health, Wellbeing & Medicines",Vitfix Vitamin B12 Tablets,£4.00
"Health, Wellbeing & Medicines",Morrisons Cod Liver Oil 500 Mg,£5.40
"Health, Wellbeing & Medicines",Always Dailies Panty Liners Normal Unscented,£3.40
"Health, Wellbeing & Medicines",Vitfix Vitamin C Tablets,£9.00
"Health, Wellbeing & Medicines",Bodyform Dailies So Slim Panty Liners,£2.65
"Health, Wellbeing & Medicines",Bodyform Dailies Extra Protection Long Liners,£1.75
"Health, Wellbeing & Medicines",Vitabiotics Ultra Vitamin D,£5.00
"Health, Wellbeing & Medicines",Always Daily Protect Panty Liners XL Pack Normal,£3.40
"Health, Wellbeing & Medicines",Morrisons A-Z Multi Vitamins,£3.30
"Health, Wellbeing & Medicines",Morrisons Orange Flavour Chewable Vitamin C 1000 Mg,£3.50
"Health, Wellbeing & Medicines",Vitfix Zinc Tablets,£3.50
"Health, Wellbeing & Medicines",Always Dailies Panty Liners Long Unscented,£3.40
"Health, Wellbeing & Medicines",Bodyform Dailies All Fluid XL Panty Liners,£2.95
"Health, Wellbeing & Medicines",Always Dailies Singles Panty Liners Fresh 20 liners,£1.20
"Health, Wellbeing & Medicines",Morrisons Ibuprofen 200mg Capsules,£1.00
"Health, Wellbeing & Medicines",Bodyform Dailies All Fluid XL Panty Liners,£1.75
"Health, Wellbeing & Medicines",Vitfix A-Z Vitamins & Minerals Tablet,£6.00
"Health, Wellbeing & Medicines",Morrisons Orange Antacid Tablets,£3.25
"Health, Wellbeing & Medicines",Morrisons Magnesium 375 Mg,£3.30
"Health, Wellbeing & Medicines",Morrisons Vitamin C 1000mg Effervescent Vitamins Orange Flavour 20s,£1.50
"Health, Wellbeing & Medicines",Vitawell Magnesium Pouch,£9.00
"Health, Wellbeing & Medicines",Kalms Day,£7.50
Baby & Toddler,TENA Lady Maxi Night Incontinence Pads Duo,£5.00
Baby & Toddler,Little Dish Cottage Pie Kids Meal 200g,£3.15
Baby & Toddler,Tena Pants Super Large,£13.95
Baby & Toddler,Little Dish Chicken Korma Kids Meal 200g,£3.15
Baby & Toddler,lights by TENA Long Incontinence Liners,£2.50
Baby & Toddler,lights by TENA Incontinence Liners Duo,£3.75
Baby & Toddler,TENA Incontinence Pants Plus XL,£13.95
Baby & Toddler,Little Dish Spaghetti & Meatballs Kids Meal 200g,£3.15
Baby & Toddler,TENA Lady Extra Incontinence Pads,£2.95
Baby & Toddler,Nutmeg Fragranced Nappy Sacks,£0.79
Baby & Toddler,Pampers Fresh Clean Baby Wipes 12 x 52 Pack,£12.00
Baby & Toddler,Huggies Natural Care Plastic Free Baby Wipes 4 x 48 Pack,£3.50
Baby & Toddler,Pampers Sensitive Baby Wipes,£5.00
Baby & Toddler,Huggies 48 Pure Baby Wipes,£0.95
Baby & Toddler,Huggies Pure Extra Care Sensitive Plastic Free Baby Wipes 3 x 48 Pack,£4.50
Baby & Toddler,Rascals Sensitive Biodegradable Baby Wipes,£1.15
Baby & Toddler,Pampers Water Wipes 4x60pk,£9.00
Baby & Toddler,Pampers New Baby Wipes 4x60pk,£10.00
Baby & Toddler,Nutmeg Newborn Nappies Size 1 x 24 Pack,£0.75
Baby & Toddler,WaterWipes Original Baby Wipes 60 wipes,£3.00
Baby & Toddler,Morrisons Super Ultra Towels with Wings,£0.41
Baby & Toddler,WaterWipes Original Baby Wipes 360 Wipes,£16.50
Baby & Toddler,Pampers New Baby Wipes 1x60pk,£3.50
Baby & Toddler,Pura Plastic Free Baby Wipes,£2.55
Baby & Toddler,Pura Plastic Free Flushable Baby Wipes,£2.65
Baby & Toddler,Nutmeg Ultra Dry Nappies Size 4+ x 78 Pack,£4.95
Baby & Toddler,Nutmeg Ultra Dry Nappies Size 5 x 40 Pack,£2.85
Baby & Toddler,Always Discreet Incontinence Liners Normal For Sensitive Bladder 24 pack,£2.25
Baby & Toddler,Nutmeg Ultra Dry Nappies Size 6 x 54 Pack,£4.49
Baby & Toddler,Rascals Premium Size 1 Nappies,£5.50
Baby & Toddler,Always Discreet Incontinence Liners Long For Sensitive Bladder 20 pack,£2.25
Baby & Toddler,Rascals Premium Size 2 Nappies,£5.50
Baby & Toddler,Rascals Premium Nappies Size 3 44 Pack,£5.50
Baby & Toddler,Always Ultra Day Normal Size 1 Sanitary Pads With Wings 26 pads,£3.40
Baby & Toddler,Rascals Premium Size 4 Nappies,£5.50
Baby & Toddler,Vitabiotics Pregnacare Original Vitamin Capsules,£4.00
Baby & Toddler,Always Discreet Incontinence Pads Small for Sensitive Bladder 20 pack,£2.75
Baby & Toddler,Rascals Premium Size 5 Nappies,£5.50
Baby & Toddler,Rascals Cocomelon Size 4 Nappy Pants,£5.60
Baby & Toddler,Waterwipes On The Go Wipes,£1.50
Baby & Toddler,WaterWipes XL Bathing Baby Wipes 16 Wipes,£2.50
Baby & Toddler,Rascals Premium Size 6 Nappies,£5.50
Baby & Toddler,"Huggies Pull-Ups Unisex Day Time Training Nappy Pants, Size 5",£8.00
Baby & Toddler,Bassetts 3-6 Multivitamin Strawberry,£5.00
Baby & Toddler,"Pampers Baby-Dry Size 4, 84 Nappies, 9kg-14kg, Jumbo+ Pack",£14.00
Baby & Toddler,Rascals Cocomelon Size 5 Nappy Pants,£5.60
Baby & Toddler,Pampers Premium Protection New Baby Size 1 80 Nappies Jumbo+ Pack,£14.00
Baby & Toddler,Rascals Cocomelon Size 6 Nappy Pants,£5.60
Baby & Toddler,Rascals Premium Size 7 Nappies,£5.50
Baby & Toddler,"Pampers Baby-Dry Size 4+, 76 Nappies, 10kg-15kg, Jumbo+ Pack",£14.00
Household,Dylon Light and White Colour Washing Detergent Liquid 30 Washes,£7.00
Household,Dylon Dark Clothes Laundry Detergent 30 Washes,£7.00
Household,Dylon Colour Laundry Detergent 30 Washes,£7.00
Household,Dylon Blossom Laundry Detergent 30 Washes,£7.00
Household,Marigold Bathroom Glove Med,£3.30
Household,Morrisons Savers Refuse Sacks,£1.25
Household,Morrisons Drawstring Refuse Sacks,£4.25
Household,Morrisons Thick Bleach Citrus   2L,£1.15
Household,Morrisons Original Thick Bleach,£1.15
Household,Morrisons Apple Washing Up Liquid,£0.55
Household,Morrisons Lemon Washing Up Liquid,£0.55
Household,Morrisons Original Washing Up Liquid,£0.55
Household,Astonish Toilet Fresh Gel Pink Peony,£1.00
Household,Astonish Kitchen Cleaner Zesty Lemon,£1.00
Household,Astonish Toilet Fresh Gel Ocean,£1.00
Household,Astonish Bathroom Cleaner White Jasmine & Basil,£1.00
Household,Astonish Window & Glass Cleaner,£1.00
Household,Astonish Daily Shower & Shine White Lillies,£1.00
Household,Morrison's Eucalyptus Antibacterial Washing Up Liquid,£0.71
Household,Domestos Bleach Original,£1.75
Household,Domestos Bleach Citrus,£1.75
Household,Lenor Fabric Conditioner Liquid Gold Orchid 85 Washes,£6.25
Household,Lenor Fabric Conditioner Liquid Wild Berries Jasmine 85washes,£6.25
Household,Elbow Grease Glass Cleaner,£1.00
Household,Morrisons Lemon Cream Cleaner,£1.00
Household,Fairy Fabric Conditioner 48 Washes,£4.50
Household,Lenor Fabric Conditioner Spring Awakening 48 Washes,£4.50
Household,Lenor Fabric Conditioner Summer Breeze 48 Washes,£4.50
Household,Comfort Fresh Sunshiny Days Fabric Conditioner 52 Washes,£4.00
Household,Comfort Fresh Fabric Conditioner Blue Skies 52 Washes,£4.00
Household,Lenor Mrs Hinch Cosy Season Fabric Softener 48 Washes,£3.50
Household,Flash Liquid Wood Floor Cleaner,£2.50
Household,Harpic Power Aroma Sea Mist & White Blossom,£2.50
Household,Harpic Power Aroma Jasmine & Cherry Blossom,£2.50
Household,Comfort Creations Fabric Conditioner Strawberry & Lily 30 Washes,£2.50
Household,Comfort Fabric Conditioner Pure Dreams Cotton Fresh 30 Washes (900 ml),£2.50
Household,Comfort Perfume Creations Fabric Conditioner Tropical Lily 30 Washes,£2.50
Household,Comfort Creations Fabric Conditioner Honeysuckle & Sandalwood 30 Washes,£2.50
Household,Lenor Fabric Conditioner Liquid Wild Berries Jasmine 37 Washes,£4.00
Household,Lenor Fabric Conditioner Coastal Flowers Cypress 37 Washes,£4.00
Household,Fairy Fabric Conditioner Almond Milk Manuka Honey 37 Washes,£4.00
Household,Lenor Fabric Conditioner Liquid Gold Orchid 37 Washes,£4.00
Household,The Pink Stuff Direct To Floor Cleaner,£2.00
Household,Dettol Fresh Cotton Antibacterial Laundry Sanitiser,£4.85
Household,Febreze Bathroom Continuous Air Freshener Sun-Kissed Vanilla,£3.00
Household,Febreze Bathroom Blossom & Breeze Air Freshener,£3.00
Household,Febreze Bathroom Continuous Air Freshener Cherryplum,£3.00
Household,Febreze Bathroom Air Freshener Apple Satinwood,£3.00
Household,Febreze Bathroom Cotton Fresh Air Freshener,£3.00
Household,Dettol Bathroom Cleaner,£3.00
Pet Shop,Bob Martin Clear Plus Spot - On For Large Dogs,£11.00
Pet Shop,Bob Martin Clear Plus Spot - On For Medium Dogs,£10.00
Pet Shop,Dreamies Cat Treat Biscuits with Chicken,£1.50
Pet Shop,Dreamies Cat Treat Biscuits with Cheese,£1.50
Pet Shop,Dreamies Cat Treat Biscuits with Tuna Flavour,£1.50
Pet Shop,Dreamies Cat Treat Biscuits with Salmon Flavour,£1.50
Pet Shop,Sheba Fine Flakes Wet Cat Food Pouches Fish In Jelly Mega Pack 40 x 85g,£17.70
Pet Shop,Sheba Select Slices Wet Cat Food Pouches Poultry In Gravy Mega Pack 40x85g,£17.70
Pet Shop,Pedigree Adult Wet Dog Food Pouches Mixed in Gravy,£5.00
Pet Shop,Paws & Paws Puppy Training Pads (100 Pack),£10.00
Pet Shop,Wild Bird 18 Fat Balls 1.4kg,£3.00
Pet Shop,Yumove Joint Care Bites For Adult Dogs,£18.50
Pet Shop,Yumove Joint Care Bites For Senior Dogs 60pk,£21.50
Pet Shop,Peckish Extra Goodness Balls,£2.70
Pet Shop,Peckish Natural Balance Coco-Not Willd Bird Feeder,£2.00
Pet Shop,Morrisons Festive Friends Dental Dog Treats,£2.00
Pet Shop,Wild Bird Fat Feast Triple Pack 3 x 280g,£3.00
Pet Shop,Morrisons Festive Cat Pillow Treats,£1.50
Pet Shop,Pet Drinking Bottle With Holder,£1.50
Pet Shop,Wild Bird Hanging Coconut Fat Feast Twin Pack,£3.00
Pet Shop,Morrisons 5 Christmas Crunchies Gingerbread Dog Biscuits,£2.00
Pet Shop,Morrisons Dog Poo Bags,£2.00
Pet Shop,Morrisons Festive Merry Mittens Toy For Cats With Catnip & Crinkle,£2.00
Pet Shop,Good Boy Chicken & Hide Twister Dog Treat,£2.40
Pet Shop,Good Boy Pigs In Blankets Dogs Treats,£2.40
Pet Shop,DWW Pet Litter Scoop With Holder,£2.50
Pet Shop,Morrisons Festive Merry Chrunchmas Dog Treat Tin,£2.50
Pet Shop,Morrisons Giant Santa Sprout Dog Toy,£2.50
Pet Shop,Morrisons Festive Merry Purrmas Cat Treat Tin,£2.50
Pet Shop,Morrisons Barky Christmas Tree Dog Toy,£3.00
Pet Shop,Morrisons 2 Woofy Christmas Mince Pie Dog Treats,£3.00
Pet Shop,Morrisons 3 Santa Paws Biscuit Bones Dog Treats,£3.00
Pet Shop,Morrisons Festive Pawesome Mini Pigs In Blankets Dog Treats,£3.00
Pet Shop,Morrisons Premium Festive Meaty Cat Treats,£3.00
Pet Shop,Morrisons Premium Festive Turkey & Sweet Potato Wrapped Dog Chews,£3.00
Pet Shop,Seriously Strong Rope Log Dog Toy,£3.29
Pet Shop,Morrisons Festive Character Puddy Doughnut Dog Toy,£3.50
Pet Shop,Febreze 3Volution Air Freshener Pet Odour Eliminator Plug In Refill,£4.25
Pet Shop,Pedigree Christmas Stocking Mixed Dog Treats 367g,£3.75
Pet Shop,Seriously Strong Tennis Ball & Rope Dog Toy,£3.99
Pet Shop,Morrisons 2 Festive Friends Shaped Dog Treats,£4.00
Pet Shop,Morrisons Festive Dog Character Small Reindeer Rope Dog Toy,£4.00
Pet Shop,Good Boy Wallace & Gromit Dog Toy,£4.00
Pet Shop,Morrisons Christmutt Meaty Selection Pack Dog Treats,£4.00
Pet Shop,Seriously Strong Bullie Ball Dog Toy,£4.99
Pet Shop,Morrisons Luxury Christmas Advent Calendar For Cats,£5.00
Pet Shop,Good Boy Gonk Toy,£5.00
Pet Shop,Morrisons Festive 'Oh Deer!' Knitted Dog Jumper Medium,£5.00
Pet Shop,Morrisons Festive 'Oh Deer!' Dog Knitted Jumper Character Small,£5.00
Pet Shop,Good Boy Dog Collar & Lead Set Large,£5.00
Home & Garden,Nutmeg Reporters Spiral Notebook 60GSM Sheets,£0.80
Home & Garden,Nutmeg A5 Spiral Notebook 60GSM Sheets,£1.00
Home & Garden,Nutmeg A4 Wiro Paperback Notebook 60gsm Sheets,£1.75
Home & Garden,Nutmeg Home Unscented Tealights,£1.75
Home & Garden,Nutmeg Home Essentials Bag Clips,£1.75
Home & Garden,Nutmeg Home Essentials Teaspoons 8 Pack,£1.25
Home & Garden,Wild Bird 18 Fat Balls 1.4kg,£3.00
Home & Garden,Morrisons Multipurpose Microfiber Cloths,£1.00
Home & Garden,Aluminium Oven Dish Tray 4 pack,£1.00
Home & Garden,Nutmeg Home Essentials Forks 4 Pack,£1.25
Home & Garden,Nutmeg Home Essentials Spoons 4 Pack,£1.25
Home & Garden,Keplin Freezer Blocks,£3.00
Home & Garden,Nutmeg Home Dish Brush,£0.75
Home & Garden,Nutmeg Home Soft Touch White Standard Pillowcase,£1.50
Home & Garden,Nutmeg Home Blue Felt Coasters Set Of 4,£3.00
Home & Garden,Pool Floor Cover Tiles Set 9pieces,£7.00
Home & Garden,Nutmeg Home Essentials 1 Litre Plastic Measuring Jug,£0.80
Home & Garden,Nutmeg Home Square Nesting Food Storers,£4.00
Home & Garden,Nutmeg Home Essentials Can Opener,£1.00
Home & Garden,Nutmeg Slate Grey Super Soft Face Cloth,£1.00
Home & Garden,10Pc Sandpaper Sheets-New Size,£1.00
Home & Garden,Nutmeg Home Supersoft Cotton Face Cloth Blue Teal,£1.00
Home & Garden,Morrisons Multi Function Black Pen,£1.00
Home & Garden,Wild Bird Fat Feast Triple Pack 3 x 280g,£3.00
Home & Garden,Northwood Multipurpose Blue Roll,£7.00
Home & Garden,Nu Mail Bubble Wrap Roll,£1.20
Home & Garden,Nutmeg Home Waffle Grey Tea Towels,£4.00
Home & Garden,Nutmeg Home Red Paper Plates,£1.50
Home & Garden,Nutmeg Home Brush With Dispenser,£1.50
Home & Garden,Carplan Sharkfin Ice Scraper,£1.50
Home & Garden,Nutmeg Home Basic White Toilet Brush,£1.50
Home & Garden,Nutmeg Home Grey Dustpan & Brush,£1.50
Home & Garden,Nutmeg Home 32cm Essentials  Oven Tray,£1.50
Home & Garden,Wild Bird Hanging Coconut Fat Feast Twin Pack,£3.00
Home & Garden,Nutmeg Home Blue Felt Mats,£6.00
Home & Garden,Morrisons Foil Turkey Tray,£1.80
Home & Garden,Glade Scented Candle Sleeved Frosted Floral Cherries 108g,£2.50
Home & Garden,Morrisons Washing Up Bowl Cool Grey,£2.00
Home & Garden,Glade Scented Candle Sleeved Festive Honey and Chocolate 108g,£2.50
Home & Garden,550Pc Nail Assortment,£2.00
Home & Garden,390Pc Cable Clip Assortment,£2.00
Home & Garden,Glade Scented Candle Sleeved Warm Apple Pie 108g,£2.50
Home & Garden,Micro Fibre Noodle Wash Mitt,£2.00
Home & Garden,Morrisons Rectangular Dish Drainer Cool Grey,£2.00
Home & Garden,Nutmeg Home Kitchen Scissors,£2.00
Home & Garden,Morrisons 100% Cotton White Housewife Pillow Cases,£4.00
Home & Garden,Jelly Belly Mango 3D Gel Car Air Freshener,£3.50
Home & Garden,Jelly Belly Blueberry Air Freshener,£3.50
Home & Garden,Morrisons Ice Cube Tray,£2.50
Home & Garden,Nutmeg Home 34cm Essentials Plastic Chopping Board,£2.50
"Toys, Clothing & Entertainment",Premier League 2024 Football Stickers,£90.00
"Toys, Clothing & Entertainment",Block Tech Ultimate Figure Collection 40 Pack,£10.00
"Toys, Clothing & Entertainment",Morrisons Bear Hugs Keyring,£0.65
"Toys, Clothing & Entertainment",Duracell Plus AA Alkaline Batteries LR6,£9.00
"Toys, Clothing & Entertainment",Duracell Plus AAA Alkaline Batteries LR03,£9.00
"Toys, Clothing & Entertainment",Duracell Plus PBA AA Batteries,£12.00
"Toys, Clothing & Entertainment",Energizer Zink Air Hearing Aid Batteries Size 312,£7.00
"Toys, Clothing & Entertainment",Morrisons Father's Day Bottle Bag,£1.00
"Toys, Clothing & Entertainment",Clip Seal Waterproof Pouch,£1.00
"Toys, Clothing & Entertainment",Luggage Tag 2Pc,£2.00
"Toys, Clothing & Entertainment",Iron Beast Monster Trucks 10pk,£10.00
"Toys, Clothing & Entertainment",The Grinch Christmas Roll Wrap 2M,£1.50
"Toys, Clothing & Entertainment",Disney Little Mermaid Plaque Hanging Decoration,£1.50
"Toys, Clothing & Entertainment",UK Greetings Stitch Roll Wrap,£1.50
"Toys, Clothing & Entertainment",Luggage Belt 2Pc,£3.00
"Toys, Clothing & Entertainment",Paint Your Own Stitch 6Pk,£10.00
"Toys, Clothing & Entertainment",Wicked Tattoos,£2.00
"Toys, Clothing & Entertainment",Lego Batman Book,£2.00
"Toys, Clothing & Entertainment",Nutmeg Home Gold Table Cover,£2.50
"Toys, Clothing & Entertainment",Tiny Teamsterz,£7.50
"Toys, Clothing & Entertainment",Morrisons Halloween Skull Mask,£3.00
"Toys, Clothing & Entertainment",Wicked Mini Diary Set In A Bag,£3.00
"Toys, Clothing & Entertainment",Kidoola Baby Spiral Toy,£3.00
"Toys, Clothing & Entertainment",Wicked Bestie Lip Balms,£3.00
"Toys, Clothing & Entertainment",Lifetime Portable Fan 400Mah Usb Rechargeable,£3.00
"Toys, Clothing & Entertainment",Travel Set Silicone 15Pcs,£3.00
"Toys, Clothing & Entertainment",The Dream Princess Dress Up Set 3 Pack,£10.00
"Toys, Clothing & Entertainment",Spongebob Plush Keyrings 3 Pack,£10.00
"Toys, Clothing & Entertainment",Wicked 2 For Good 600ml Bottle,£3.50
"Toys, Clothing & Entertainment",Ollie & Grace Tell The Time Clock,£4.00
"Toys, Clothing & Entertainment",Crazy Fun Blue Holographic Squishy Dumpling Toy,£4.00
"Toys, Clothing & Entertainment",Ollie & Grace Sensory Plush,£4.00
"Toys, Clothing & Entertainment",Cocktail Party Set 31 Pack Assorted,£4.00
"Toys, Clothing & Entertainment",Crazy Fun Shimmering Starlight Edition Squishy Dumpling Toy,£4.00
"Toys, Clothing & Entertainment",Packing Cubes 4Pc Set,£4.00
"Toys, Clothing & Entertainment",Crazy Fun Mystery Glitter Squishy Dumpling Toy,£4.00
"Toys, Clothing & Entertainment",Professor Puzzle Froth It Card Game,£4.00
"Toys, Clothing & Entertainment",Paladone Diamond Ice Mould,£4.00
"Toys, Clothing & Entertainment",Crazy Fun Pink Holographic Squishy Dumpling Toy,£4.00
"Toys, Clothing & Entertainment",Mini Handheld Fan,£4.00
"Toys, Clothing & Entertainment",Ollie & Grace Wooden Toy Vehicles,£4.00
"Toys, Clothing & Entertainment",Tri-Coastal Wedding Countdown Plaque,£4.00
"Toys, Clothing & Entertainment",Kids Neck Pillow,£4.00
"Toys, Clothing & Entertainment",Matchstick Monkey Wooden Animal Puzzle Game,£4.50
"Toys, Clothing & Entertainment",Super Mario Movie Luma Yo Yo,£5.00
"Toys, Clothing & Entertainment",Morrisons Medium Bauble Plush,£5.00
"Toys, Clothing & Entertainment",Ollie & Grace Wooden Pull Along Frog,£5.00
"Toys, Clothing & Entertainment",Ollie & Grace Bead Set,£5.00
"Toys, Clothing & Entertainment",Morrisons Medium Gingerbread Plush,£5.00
"Toys, Clothing & Entertainment",Music Alley Roll-Up Piano,£5.00
Kiosk,IQOS ILUMA-i One Heating Device Midnight Black,£29.00
Kiosk,LEVIA Deep Mint Tobacco-Free Sticks,£5.00
Kiosk,VEEV one Starter Kit Blueberry X Vape Pod,£4.99
Kiosk,ZYN Spearmint 1.5mg Nicotine Pouches,£2.99
Kiosk,VEEV One Starter Kit Blue Mint Vape Pod,£4.99
Kiosk,Veev One Kit Watermelon X 1.8%,£4.99
Kiosk,VEEV One Blue Mint Vape Pod,£2.99
Kiosk,VEEV One Blueberry X Vape Pod,£2.99
Kiosk,VEEV One Watermelon X Vape Pod,£2.99
Kiosk,VEEV One Strawberry X Vape Pod,£2.99
Kiosk,VEEV One Cherry Vape Pod,£2.99
Kiosk,VEEV One Ice Mint Vape Pod,£2.99
Kiosk,VEEV One Sour Apple Vape Pod,£2.99
Kiosk,VEEV One Mango X Vape Pod,£2.99
Kiosk,VEEV One Blue Raspberry Vape Pod,£2.99
Kiosk,VEEV One Classic Tobacco Vape Pod,£2.99
Kiosk,Siberia Slim Oral Nicotine 33mg/ml,£7.00
Kiosk,White Fox Peppered Mint 16Mg/Ml,£6.50
Kiosk,White Fox Double Mint 16mg/ml,£6.50
Kiosk,Xqs Raspberry Blackcurrant 8Mg,£6.00
Kiosk,Siberia Ultra Slim Oral Nicotine 33mg/ml,£7.00
Kiosk,Siberia Super Slim Oral Nicotine 33Mg/Ml,£7.00
Kiosk,White Fox 5paw Spearmint 16mg/ml,£6.50
Kiosk,Siberia Original Oral Nicotine 33mg/ml,£7.00
Kiosk,Ubbs Cherry,£6.00
Kiosk,Elfliq Peach Ice 20mg,£4.00
Kiosk,Ubbs Salted Caramel,£6.00
Kiosk,Ubbs Pouches Berry Regular 6mg,£6.00
Kiosk,Ubbs Menthol Nicotine Pouches 6mg,£6.00
Kiosk,Elfliq Watermelon 20mg,£4.00
Kiosk,Elfliq Pink Lemonade 20mg,£4.00
Kiosk,Elfliq Blueberry 20mg,£4.00
Kiosk,Elfliq Blueberry Sour Raspberry 20mg,£4.00
Kiosk,Elfliq Cherry 20mg,£4.00
Kiosk,Ubbs Watermelon Nicotine Pouches 6mg,£6.00
Kiosk,Elfliq Spearmint 20mg,£4.00
Kiosk,Elfliq Blue Razz Lemonade 20mg,£4.00
Kiosk,Elfliq Kiwi Passion 20mg,£4.00
Kiosk,Ubbs Peppermint Nicotine Pouches 11mg,£6.00
Kiosk,SKE 600 Pro Kit Watermelon Ice,£5.99
Kiosk,SKE 600 Pro Kit Lemon & Lime,£5.99
Kiosk,SKE 600 Pro Kit Blue Razz Lemonade,£5.99
Kiosk,SKE 600 Pro Kit Kiwi Passionfruit Guava,£5.99
Kiosk,SKE 600 Pro Kit Berry Ice,£5.99
Kiosk,SKE 600 Pro Kit Pink Lemonade,£5.99
Kiosk,SKE 600 Pro Kit Cherry Ice,£5.99
Kiosk,SKE 600 Pro Kit Strawberry Burst,£5.99
Kiosk,SKE 600 Pro Kit Blueberry Sour Raspberry,£5.99
Kiosk,SKE 600 Pro Kit Blueberry Raspberries,£5.99
"Events, Inspiration & Ways To Save",Dylon Light and White Colour Washing Detergent Liquid 30 Washes,£7.00
"Events, Inspiration & Ways To Save",Dylon Dark Clothes Laundry Detergent 30 Washes,£7.00
"Events, Inspiration & Ways To Save",Dylon Colour Laundry Detergent 30 Washes,£7.00
"Events, Inspiration & Ways To Save",Whiskas 1+ Mixed Menu Adult Wet Cat Food Pouches in Jelly,£13.75
"Events, Inspiration & Ways To Save",Whiskas 1+ Duo Surf and Turf Adult Wet Cat Food Pouches in Jelly,£13.75
"Events, Inspiration & Ways To Save",Whiskas 1+ Poultry Feasts Adult Wet Cat Food Pouches in Jelly,£13.75
"Events, Inspiration & Ways To Save",Foster's Lager Beer Can  18 x 440ml,£13.00
"Events, Inspiration & Ways To Save",Dreamies Cat Treat Biscuits with Catnip,£3.40
"Events, Inspiration & Ways To Save",Strongbow Original Cider Cans 18 x 440ml,£14.25
"Events, Inspiration & Ways To Save",Morrisons Whole Cucumber,£0.99
"Events, Inspiration & Ways To Save",Fyffes Bananas 5 Pack,£0.78
"Events, Inspiration & Ways To Save",Morrisons British Semi Skimmed Milk 4 Pint,£1.65
"Events, Inspiration & Ways To Save",Morrisons Blueberries 150g Punnet,£2.00
"Events, Inspiration & Ways To Save",Morrisons The Greengrocer's On Market Street Strawberries 227g,£2.50
"Events, Inspiration & Ways To Save",Morrisons Paracetamol 500mg Caplets 16 Pack,£0.35
"Events, Inspiration & Ways To Save",Morrisons British Carrots 1kg,£0.69
"Events, Inspiration & Ways To Save",Morrisons Seedless Red Grapes Punnet 400g,£2.00
"Events, Inspiration & Ways To Save",Morrisons British Baking Potatoes  4 Pack,£0.79
"Events, Inspiration & Ways To Save",Morrisons 2 Salmon Fillets 220g,£4.15
"Events, Inspiration & Ways To Save",Morrisons Pink Lady Apples 4 Pack,£2.35
"Events, Inspiration & Ways To Save",Morrisons Baby Plum Tomatoes   250g,£0.77
"Events, Inspiration & Ways To Save",Morrisons The Best Sweetclem Easy Peelers 600g,£2.20
"Events, Inspiration & Ways To Save",Morrisons Salad Onions (minimum 100g),£0.68
"Events, Inspiration & Ways To Save",Morrisons Seedless Green Grapes Punnet 400g,£2.00
"Events, Inspiration & Ways To Save",Morrisons British Semi Skimmed Milk 2 Pint,£1.20
"Events, Inspiration & Ways To Save",Morrisons Savers Mixed Peppers 3 Pack (Colours May Vary),£1.79
"Events, Inspiration & Ways To Save",Market Street Deli Thickly Sliced Wiltshire Cured Ham 125g,£2.75
"Events, Inspiration & Ways To Save",Morrisons Seedless Grape Selection  400g,£2.00
"Events, Inspiration & Ways To Save",Morrisons Brown Onions 3 Pack,£0.95
"Events, Inspiration & Ways To Save",Morrisons Salad Tomatoes 6 Pack,£0.99
"Events, Inspiration & Ways To Save",Morrisons Ripe & Ready Conference Pears 4 Pack,£2.35
"Events, Inspiration & Ways To Save",Morrisons British Carrots  500g,£0.44
"Events, Inspiration & Ways To Save",Morrisons Shredded Iceberg Lettuce 130g,£0.50
"Events, Inspiration & Ways To Save",Lurpak Slightly Salted Spreadable Blend of Butter and Rapeseed Oil 400g,£4.25
"Events, Inspiration & Ways To Save",Morrisons Plain Tortilla Wraps 8 Pack,£1.40
"Events, Inspiration & Ways To Save",Morrisons Savers Jumbo Kitchen Towel Roll,£1.15
"Events, Inspiration & Ways To Save",Pepsi Max No Sugar Cola Bottle  2L,£2.45
"Events, Inspiration & Ways To Save",Morrisons Tomato Puree (200g),£0.59
"Events, Inspiration & Ways To Save",Morrisons The Best Piccolina Vine Tomatoes 220g,£2.15
"Events, Inspiration & Ways To Save",Morrisons British Semi Skimmed Milk  2 Pints,£1.20
"Events, Inspiration & Ways To Save",Morrisons Sweet Potatoes  1kg,£1.19
"Events, Inspiration & Ways To Save",Morrisons British Skimmed Milk 4 Pint,£1.65
"Events, Inspiration & Ways To Save",Cathedral City British Mature Cheddar Cheese 350g,£3.75
"Events, Inspiration & Ways To Save",Morrisons Wonky Carrots 1.45kg,£0.76
"Events, Inspiration & Ways To Save",Morrisons Red Kidney Beans (400g),£0.37
"Events, Inspiration & Ways To Save",Market Street 2 Egg Custard Tarts,£0.85
"Events, Inspiration & Ways To Save",Morrisons Parsnips 500g,£0.74
"Events, Inspiration & Ways To Save",Morrisons British Market Street Chicken Breast Crown 700g,£4.75
"Events, Inspiration & Ways To Save",Morrisons Spaghetti 500g,£0.75
"Events, Inspiration & Ways To Save",Morrisons Chopped Tomatoes (4x400g),£1.78
